"Refs","Value (MPN)","Footprint","Qty","DNP","Mfr","LCSC","Sourcing","Alt1 MPN","Alt1 Mfr","Alt1 LCSC","Alt2 MPN","Alt2 Mfr","Alt2 LCSC","Alt note"
"C1,C3,C9-C15,C28,C53","CL05A104KA5NNNC","Vault:FP-CL278-IPC_C","11","","","","","","","","","","",""
"C2,C4","CL05A105KP5NNNC","Vault:FP-CL511-IPC_C","2","","","","","","","","","","",""
"C5,C6","CC0402KRX5R6BB684","Vault:FP-CC0402-MFG","2","","YAGEO","","","","","","","","",""
"C7,C8","CC0402JRNPO9BN150","Vault:FP-CC0402-0_55-IPC_B","2","","","","","","","","","","",""
"C16,C18,C24,C25","08051C474KAT2A","Vault:FP-0805-L_2_01_0_2-W_1_25-MFG","4","","","","JLC global sourcing (first build) until an ALT is approved (D26)","CC0805KKX7R0BB474","YAGEO","C596323","08051C474K4Z2A","KYOCERA AVX","C597303","470 nF ±10 % 100 V X7R 0805; PoDL front end: Sofar review"
"C17,C26","C2012X7S2A105K125AB","Vault:FP-C2012-125-0_2-MFG","2","","","","JLC global sourcing (first build) until an ALT is approved (D26)","C2012X7S2A105KT000N","TDK","C342785","GCM21BC72A105KE36L","Murata","C126585","1 µF ±10 % 100 V X7S 0805; power path: Sofar review"
"C19,C27","C0805C102MDRACTU","Vault:CAPC2013X145X50LL20T25","2","","Kemet","","JLC global sourcing (first build) until an ALT is approved (D26)","C0805C102KDRACTU","KEMET","C2167549","0805B102K102CT","Walsin","C303890","1 nF 1 kV X7R 0805, ±10 % (tighter); PoDL front end: Sofar review"
"C20,C29,C49,C50,C54","GRM188R72A104KA35D","Vault:FP-GRM188-0_1-e0_2_0_5-IPC_B","5","","","","","","","","","","",""
"C21","CL32B106KBJNNNE","Vault:FP-CL32-IPC_C","1","","","","JLC global sourcing (first build) until an ALT is approved (D26)","1210B106K500NT","FH","C116808","UMK325AB7106KM-T","Taiyo Yuden","C386167","10 µF ±10 % 50 V X7R 1210; power path: Sofar review"
"C22,C23","EEEFT1H470AP","Vault:FP-FTD-MFG","2","","","","JLC global sourcing (first build) until an ALT is approved (D26)","","","","","","","Sofar review: bus damping; a newly sourced replacement must be potting-safe (constraint 8), so no like-for-like alternate; JLC global sourcing"
"C30,C55","UMK107BBJ225KA-T","Vault:FP-0603-L_1_6_0_2-W_0_8_0-MFG","2","","","","","","","","","","",""
"C31","C1608X5R0J226M080AC","Vault:CAPC1608X100X20ML10","1","","TDK","","JLC global sourcing (first build) until an ALT is approved (D26)","CL10A226MQ8NRNC","Samsung","C59461","GRM188R60J226MEA0D","Murata","C77042","22 µF ±20 % 6.3 V X5R 0603"
"C32","GRJ155R60J106ME11D","Vault:FP-GRJ155-0_2-MFG","1","","","","","","","","","","",""
"C33","GRM155R60J475ME87D","Vault:FP-GRM155-0_15-MFG","1","","","","","","","","","","",""
"C56,C57","GRM21BR61C226ME44L","Capacitor_SMD:C_0805_2012Metric","2","","Murata","","","","","","","","",""
"C58","GRM155R61A475MEAAD","Capacitor_SMD:C_0402_1005Metric","1","","Murata","","","","","","","","",""
"D1","SMA6F33A","Vault:SMA6F33A-Footprint-1","1","","","","JLC global sourcing of Sofar's second source Vishay SMA6F33A-M3/H (ST part obsolete; Sofar Q7) (D26)","","","","","","",""
"D2,D3","RB058LAM-60TFTR","Vault:FP-PMDTM-MFG","2","","","","JLC global sourcing (D26); no LCSC listing","","","","","","",""
"D4,D5","CDSOD323-T36SC","Vault:FP-SOD-323-MFG","2","","Bourns Inc.","","","","","","","","",""
"D8","KT-0603R","LED_SMD:LED_0603_1608Metric","1","","Hubei KENTO Elec","C2286","","","","","","","",""
"D9,D10","KT-0603YG","LED_SMD:LED_0603_1608Metric","2","","Hubei KENTO Elec","C2289","","","","","","","",""
"FID1-FID6","FIDUCIAL","Vault:FIDUCIAL_075MM","6","","","","","","","","","","",""
"J1","Raspberry_Pi_2_3","Connector_PinSocket_2.54mm:PinSocket_2x20_P2.54mm_Vertical","1","","","","Part not chosen: 2×20 2.54 mm female TH socket, height open (Nick). Candidates ZHOURI 2.54-2*20 C2977589, Megastar ZX-PM2.54-2-20PY C7499354 (both 8.5 mm)","","","","","","",""
"J5","SM02B-GHS-TB","Connector_JST:JST_GH_SM02B-GHS-TB_1x02-1MP_P1.25mm_Horizontal","1","","JST","C189893","JLC global sourcing (D26); LCSC C189893 out of stock, DK 10,839","","","","","","",""
"L1,L2","SRF1260-101M","Vault:SRF1260-101M-Footprint-1","2","","","","","","","","","","",""
"L3,L6","PA5432.822NLT","Vault:FP-PA5432_472NLT-MFG","2","","","","JLC global sourcing (D26); no LCSC listing","","","","","","",""
"L4","DFE201612E-2R2M=P2","Vault:FP-DFE201612C-MFG","1","","","","","","","","","","",""
"MP1-MP4","78614015360","Vault:78614015360-Footprint-2","4","","Wurth Elektronik","","JLC global sourcing (D26); no LCSC listing, DK 7,835","","","","","","",""
"MTG1-MTG4","Hole_M3","Vault:Hole_M3","4","","","","","","","","","","",""
"R1,R44-R46","RC0402FR-071K5L","Vault:RESC1005X40X25ML05T10","4","","Yageo / Phycomp","","","","","","","","",""
"R2-R6,R26,R27","ERJ-2RKF4701X","Vault:RESC1005X40X25LL05T05","7","","","","","","","","","","",""
"R7","RC0402JR-0710KL","Vault:FP-RC0402-0_4-IPC_C","1","","","","","","","","","","",""
"R8","UR73D1JTTD10L0F","Vault:RESC1608X60X55ML20T10","1","","KOA Speer","","JLC global sourcing (first build) until an ALT is approved (D26)","PMR03EZPFU10L0","ROHM","C308571","WSLP0603R0100FEA","Vishay","C5334451","Sofar review: power-path current sense; check land pattern"
"R11","CRCW12100000Z0EA","Vault:FP-CRCW1210-e3-IPC_B","1","DNP","","","","","","","","","",""
"R12,R13,R17,R19","CRCW12100000Z0EA","Vault:FP-CRCW1210-e3-IPC_B","4","","","","","","","","","","",""
"R14,R18","RR0510P-101-D","Vault:FP-RR0510-IPC_B","2","","","","JLC global sourcing (first build) until an ALT is approved (D26)","RT0402BRD07100RL","YAGEO","C705627","ERA2AEB101X","Panasonic","C445575","100 Ω ±0.1 % ±25 ppm thin film 0402 (tighter); ALT2 AEC-Q200; PoDL front end: Sofar review"
"R15,R16","CRCW08057R50FKEAHP","Vault:CRCW08057R50FKEAHP-Footprint-1","2","","Vishay","","JLC global sourcing (first build) until an ALT is approved (D26)","SR0805FR-477R5L","YAGEO","C873769","","","","Sofar review: 7.5 Ω ±1 % 0.5 W, ±200 vs ±100 ppm/°C, pulse rating not stated"
"R20,R39","CRCW04021M82FKED","Vault:FP-CRCW0402-e3-MFG","2","","","","JLC global sourcing (first build) until an ALT is approved (D26)","RTT021824FTH","RALEC","C166520","","","","1.82 MΩ ±1 % 62.5 mW 50 V ±100 ppm"
"R21,R35,R37,R43","RMCF0402FT100K","Vault:FP-RMCF0402-IPC_C","4","","","","JLC global sourcing (first build) until an ALT is approved (D26)","0402WGF1003TCE","UNI-ROYAL","C25741","RC0402FR-07100KL","YAGEO","C60491","100 kΩ ±1 % 62.5 mW 50 V ±100 ppm; ALT1 is JLC Basic; AEC-Q200 not stated (Stackpole is)"
"R22,R40","RC0402FR-07200KL","Vault:RESC1005X40X25LL05T10","2","","Yageo / Phycomp","","","","","","","","",""
"R23","RC0402FR-0722K1L","Vault:FP-RC0402-0_4-IPC_B","1","","","","","","","","","","",""
"R34","RC0402FR-079K09L","Vault:RESC1005X40X25LL05T10","1","","Yageo / Phycomp","","JLC global sourcing (first build) until an ALT is approved (D26)","AC0402FR-079K09L","YAGEO","C227284","0402WGF9091TCE","UNI-ROYAL","C11549","9.09 kΩ ±1 % 62.5 mW 50 V ±100 ppm thick film; our part (D18), no amendment"
"R38","RC0402FR-0713K7L","Vault:FP-RC0402-0_4-IPC_B","1","","","","","","","","","","",""
"R41","RC0402FR-071ML","Resistor_SMD:R_0402_1005Metric","1","","Yageo","","","","","","","","",""
"R42","RMCF0402FT10K0","Vault:FP-RMCF0402-IPC_C","1","","","","","","","","","","",""
"T1,T2","74930000","Vault:FP-74930000-MFG","2","","","","","","","","","","",""
"TP1-TP3,TP5,TP7,TP8,TP13,TP19-TP24,TP35,TP36,TP38","TEST_POINT","Vault:PCB_TP_1.5mm","16","","","","","","","","","","",""
"U1","ADIN2111BCPZ","Vault:ADIN2111BCPZ-Footprint-1","1","","","","JLC global sourcing (D26); no LCSC listing, DK 120","","","","","","",""
"U2,U3","AP22913CN4-7","Vault:AP22913CN4-7-Footprint-1","2","","","","JLC global sourcing, all 40 (LCSC has 30) (D26)","","","","","","",""
"U4","INA232AIDDFR","Vault:INA232AIDDFR-Footprint-1","1","","","","","","","","","","",""
"U5,U10","LMR51430YDDCR","Vault:SOT-23-THIN-6_DDC_TEX","2","","","","","","","","","","",""
"U6","TPS62840YBGR","Vault:FP-YBG0006-MFG","1","","","","","","","","","","",""
"U11","TPS26621DRCR","Package_SON:Texas_DRC0010J","1","","Texas Instruments","C1848341","","","","","","","",""
"Y1","ABM11W-25.0000MHZ-6-K1Z-T3","Vault:FP-ABM11W-MFG","1","","","","JLC global sourcing (D26); no LCSC listing, DK 87","","","","","","",""
